DROP DATABASE IF EXISTS BOSS;

CREATE DATABASE BOSS default character set utf8mb4 collate utf8mb4_general_ci;
SET NAMES utf8mb4;
USE BOSS;

-- æœƒå“¡è³‡æ–™;
CREATE TABLE MEMBER(
  ID VARCHAR(20) PRIMARY KEY,
  Password VARCHAR(128) NOT NULL,
  Name VARCHAR(12) NOT NULL,
  Email VARCHAR(30) NOT NULL,
  Phone VARCHAR(10) NOT NULL,
  RegDate TIMESTAMP DEFAULT CURRENT_TIMESTAMP,
  Birth DATE,
  Gender ENUM('M', 'F', 'N'),
  Address VARCHAR(100),
  Position ENUM('S', 'A', 'C') NOT NULL
);

-- å•†å“;
CREATE TABLE PRODUCT(
  ID INT(7) UNSIGNED AUTO_INCREMENT PRIMARY KEY,
  Name VARCHAR(30) NOT NULL,
  State ENUM('in_stock', 'out_of_stock', 'removed_from_shelves'),
  Stock INT(7) UNSIGNED NOT NULL,
  Price INT(10) UNSIGNED NOT NULL,
  Img VARCHAR(100) NOT NULL,
  Info VARCHAR(300),
  DID INT(7) UNSIGNED,
  CategoryID INT(7) UNSIGNED NOT NULL
);

-- å•†å“é¡žåž‹;
CREATE TABLE CATEGORY(
  ID INT(7) UNSIGNED AUTO_INCREMENT PRIMARY KEY,
  Name VARCHAR(10) NOT NULL UNIQUE
);

-- è¨‚å–®;
CREATE TABLE ORDER_LIST (
  ID VARCHAR(8) PRIMARY KEY,
  Date DATETIME NOT NULL,
  FinalCost INT(7) UNSIGNED NOT NULL,
  State ENUM('submitted', 'processed', 'delivered', 'completed') NOT NULL DEFAULT 'submitted',
  CID VARCHAR(20) NOT NULL,
  DID INT(7) UNSIGNED NOT NULL,
  SID VARCHAR(20)
);

-- è¨‚å–®å’Œå•†å“çš„ç‰¹æ®Šæ€§é—œä¿‚;
CREATE TABLE ORDER_LIST_RECORD (
  OID VARCHAR(8) NOT NULL,
  PID INT(7) UNSIGNED NOT NULL,
  Quantity INT(7) UNSIGNED NOT NULL,
  PRIMARY KEY (OID, PID)
);

-- è³¼ç‰©è»Š;
CREATE TABLE CART (
  ID VARCHAR(8) PRIMARY KEY,
  Date DATETIME NOT NULL
);

-- è³¼ç‰©è»Šå’Œå•†å“çš„ç‰¹æ®Šæ€§é—œä¿‚;
CREATE TABLE CART_RECORD (
  ID VARCHAR(8),
  PID INT(7) UNSIGNED,
  Quantity INT(5) UNSIGNED NOT NULL,
  PRIMARY KEY(ID,PID)
);

-- è©•è«–;
CREATE TABLE COMMENT (
  ID INT(7) UNSIGNED AUTO_INCREMENT PRIMARY KEY,
  CID VARCHAR(20) NOT NULL,
  PID INT(7) UNSIGNED NOT NULL,
  Star INT(1) NOT NULL,
  Date TIMESTAMP DEFAULT CURRENT_TIMESTAMP,
  Comment VARCHAR(100) NOT NULL
);

-- æŠ˜æ‰£;
CREATE TABLE DISCOUNT (
  ID INT(7) UNSIGNED AUTO_INCREMENT PRIMARY KEY,
  Type ENUM('shipping', 'seasoning', 'event'),
  PeriodFrom DATE NOT NULL,
  PeriodTo DATE NOT NULL,
  Requirement INT(7) UNSIGNED,
  Rate DOUBLE(3,3) NOT NULL,
  Info VARCHAR(100) NOT NULL,
  EventType ENUM('BOGO', 'discount')
);

-- æ’å…¥æ¸¬è©¦ç”¨ç¯„ä¾‹è³‡æ–™;
-- æ’å…¥ ç´”å–«èŒ¶;
INSERT INTO PRODUCT (Name, Price, State, Stock, DID, CategoryID, Info, Img)
VALUE('ç´”å–«èŒ¶ç¶ èŒ¶', 25, 'in_stock', 999, 4, 1, 'æŽ¡é›†æ–°é®®èŒ¶è‘‰é€²è¡Œç‚’èï¼Œå‘ˆç¾èŒ¶è‘‰é®®ç¶ èˆ‡æ¸…é¦™ï¼Œæ­é…æŸ”å’Œçš„èŒ‰èŽ‰ç¶ èŒ¶ï¼Œå£å‘³æ¸…çˆ½ä¸ç”œè†©ï¼Œæ–°é®®æš¢é£²æœ€éŽç™®!', 'http://www.pecos.com.tw/tmp/image/20140409/20140409202153_39623.jpg'),
      ('ç´”å–«èŒ¶ç´…èŒ¶', 25, 'in_stock', 999, 3, 2, 'ä»¥ç„™ç‚’å¤§éº¥æ­é…ç´…èŒ¶ï¼Œèª¿è£½å‡ºæ¿ƒé¦™åè¶³çš„å°ç£å‘³ç´…èŒ¶ï¼Œæ»¿è¶³ä½ å°æ–°é®®çš„æœŸæœ›ï¼', 'http://www.pecos.com.tw/tmp/image/20140409/20140409202109_56209.jpg'),
      ('ç´”å–«èŒ¶æª¸æª¬ç´…èŒ¶', 25, 'in_stock', 999, NULL, 2, 'ä»¥å†°æžé®®èƒå·¥æ³•ï¼Œä¿ç•™æª¸æª¬çš„é¦™æ°£ï¼Œæ­é…æ¿ƒéƒç”˜é†‡çš„ç´…èŒ¶ï¼Œèª¿å’Œå‡ºæ–°é®®çš„é…¸ç”œå¥½æ»‹å‘³ï¼', 'http://www.pecos.com.tw/tmp/image/20140417/20140417192522_66698.jpg'),
      ('ç´”å–«èŒ¶çƒé¾é’èŒ¶', 25, 'in_stock', 999, NULL, 3, 'æ·»åŠ ç„™ç«çƒé¾èŒ¶ï¼Œé‡‹æ”¾è±å¯Œé¦™æ°£èˆ‡é†‡åŽšåŽŸå‘³ï¼Œå¤šå±¤æ¬¡çš„ç¨ç‰¹èŒ¶æ„Ÿï¼Œç”˜æ½¤ç„¡çª®ï¼', 'http://www.pecos.com.tw/tmp/image/20140409/20140409202049_34108.jpg'),
      ('ç´”å–«èŒ¶é®®æŸšç¶ èŒ¶', 25, 'in_stock', 999, NULL, 1, 'ä»¥å†°æžé®®èƒå·¥æ³•ï¼Œä¿ç•™è‘¡è„æŸšé¦™æ°£ï¼Œèª¿å’Œæ¸…çˆ½ç”˜é†‡çš„èŒ‰èŽ‰ç¶ èŒ¶ï¼Œæ¿€ç›ªå‡ºé…¸ç”œæ¸…é¦™çš„æ–°é®®æžœèŒ¶é¢¨å‘³ï¼', 'http://www.pecos.com.tw/tmp/image/20150105/20150105090925_79899.jpg'),
      ('ç´”å–«èŒ¶ç„¡ç³–ç¶ èŒ¶', 25, 'in_stock', 999, NULL, 1, 'æŽ¡é›†æ–°é®®èŒ¶è‘‰ï¼Œä»¥å†°æžé®®èƒå·¥æ³•ä¿ç•™æ–°é®®èŒ¶é¦™åŠå…’èŒ¶ç´ ï¼ŒèŒ¶æ„Ÿæ¸…é¦™å›žéŸ»ï¼Œè®“åŽŸå‘³æ›´æ–°é®®ï¼', 'http://www.pecos.com.tw/tmp/image/20160130/20160130103658_89475.jpg');

-- æ’å…¥ é«˜ç´šé…’;
INSERT INTO PRODUCT (Name, Price, State, Stock, DID, CategoryID, Info, Img)
VALUE('è¢‹é¼ å±±é›ªå¤šåˆ©ç™½è‘¡è„é…’', 6000, 'in_stock', 999, 4, 14, 'æ¾³æ´²è¢‹é¼ å±±é›ªå¤šåˆ©ç™½è‘¡è„é…’æ˜¯å…¸åž‹çš„æ¾³æ´²è‘¡è„é…’ï¼Œæ‰€æ“æœ‰çš„é«˜å“è³ªè‘¡è„åœ’åœ¨ç†æƒ³ç’°å¢ƒä¸­ç”Ÿé•·ï¼Œç”±å—æ¾³æ´²è¢‹é¼ å®ˆè­·è‘—ï¼Œä»¥ç¾ä»£åŒ–æ–¹æ³•é‡€é€ ã€‚', 'http://www.filgifts.com/images/product/small/Kangaroo-ridge-chardonnay.jpg'),
      ('è¥¿ç­ç‰™å½©é‘½è¶æˆ€ç™½é…’', 2399, 'in_stock', 999, 4, 14, 'å…·æœ‰æ¸…æ–°èŠ±æžœé¦™ï¼Œçˆ½å£å®œäººï¼Œå…¥å£æ™‚æŸ”æ»‘åœ“æ½¤ï¼Œä½é¤æ­é…æ€§é«˜ã€‚', 'http://www.my9.com.tw/image/product/pro_4e1a71a4279af50d11df1414841b6aa0.jpg'),
      ('ç¾Žåœ‹æ‘©æ ¹ç£å¤å¤šå…§ç™½é…’', 6960, 'in_stock', 999, 4, 14, 'æ‘©æ ¹ç£å¤å¤šå…§ç™½è‘¡è„é…’å¸¶æœ‰è¿·äººé…¸åº¦åŠæ¸…æ–°æžœé¦™ï¼Œå–®é£²æˆ–æ­é¤éƒ½è®“äººæ„Ÿå—ç„¡æ¯”é­…åŠ›ã€‚', 'http://www.my9.com.tw/image/product/pro_611f8ba8856f27ef98dbf93c349131ee.png'),
      ('æ³•åœ‹èŒ±éº—è‘‰ç´…é…’14/15', 6960, 'in_stock', 999, 4, 14, 'å…¥å£æŸ”æ»‘åœ“æ½¤ï¼Œå…·æœ‰æˆç†Ÿæ«»æ¡ƒå‘³é“ï¼›å¾Œæ®µå‰‡é¡¯ç¾åœ“æ»‘å¦‚çµ²çµ¨èˆ¬çš„å–®å¯§å£æ„Ÿã€‚', 'http://www.my9.com.tw/image/product/pro_3f5d25d7828cd2d23d8665c4c64f979a.jpg'),
      ('ç¾©å¤§åˆ©å±±ä¹‹å·”é»ƒæ¨™ç´…é…’', 4999, 'in_stock', 999, 4, 14, 'å…¸åž‹çš„å·´è²æ‹‰å“ç¨®ï¼Œæœ‰å„ªé›…çš„èŠ±é¦™å‘³ï¼Œå’Œè«§æ¸…æ–°ï¼ŒæŸ”è»Ÿï¼Œä¸”å¯Œæœ‰è±å¯Œçš„å±¤æ¬¡ã€‚', 'http://www.my9.com.tw/image/product/pro_9808ef97108c22b0c378d33836dc7413.jpg'),
      ('ç¾Žåœ‹é¶´æ¹–å¡æœ¬å…§è˜‡ç¶­ç¿ç´…é…’ ', 3999, 'in_stock', 999, 4, 14, 'æ˜¯ä¸€æ”¯é…’é«”æŸ”é †ã€æžœé¦™å¥”æ”¾çš„ä¸€æ”¯ç´…é…’ï¼Œæ©¡æœ¨ã€æ¡‘æ¤¹åŠé»‘èŽ“ä¹‹é¦™æ°£æ›´ç‚ºæ­¤é…’çš„ç‰¹è‰²ï¼Œéžå¸¸é©åˆç¾åœ¨å³æ™‚é£²ç”¨ã€‚', 'http://my9.ehosting.com.tw/image/product/pro_c164182ffb6849b39715d9983ceaa2cd.jpg');

-- æ’å…¥ æ—¥æœ¬èŒ¶;
INSERT INTO PRODUCT (Name, Price, State, Stock, DID, CategoryID, Info, Img)
VALUE('åˆå¾Œã®ç´…èŒ¶ãƒŸãƒ«ã‚¯ãƒ†ã‚£ãƒ¼', 55, 'in_stock', 999, 3, 5, 'ã‹ã¤ã¦ã‚·ãƒ³ãƒãƒ©çŽ‹æœã®éƒ½ãŒã‚ã£ãŸã‚»ã‚¤ãƒ­ãƒ³ç´…èŒ¶ç™ºç¥¥ã®åœ°ã€ã‚­ãƒ£ãƒ³ãƒ‡ã‚£ã®èŒ¶è‘‰ã‚’ä½¿ç”¨ã€‚ã‚­ãƒ£ãƒ³ãƒ‡ã‚£èŒ¶è‘‰ã®ã‚³ã‚¯ã®ã‚ã‚‹é¦™ã‚Šã¨ãƒŸãƒ«ã‚¯ã®æ¿ƒåŽšãªå‘³ã‚ã„ã§å¿ƒã»ã©ã‘ã‚‹æœ¬æ ¼ã‚¢ã‚¤ã‚¹ãƒŸãƒ«ã‚¯ãƒ†ã‚£ãƒ¼ã€‚', 'http://www.kirin.co.jp/products/softdrink/gogo/products/images/modal/m_item_milk.png');

-- æ’å…¥ ä¹³é…¸é£²æ–™;
INSERT INTO PRODUCT (Name, Price, State, Stock, DID, CategoryID, Info, Img)
VALUE('é¤Šæ¨‚å¤šæ´»èŒç™¼é…µä¹³', 8, 'in_stock', 999, NULL, 7, 'ä»£ç”°èŒèƒ½é€šéŽèƒƒé…¸è†½é¹½è€ƒé©—ï¼Œåœ¨è…¸é“ä¸­ç”Ÿå­˜ç¹æ®–ï¼Œç¶­è­·è…¸é“çš„å¥åº·ã€‚', 'https://carrefoureccdn.azureedge.net/content/images/thumbs/0005446_800.jpeg'),
      ('é¤Šæ¨‚å¤š300LIGHTæ´»èŒç™¼é…µä¹³', 8, 'in_stock', 999, NULL, 7, 'ä»£ç”°èŒèƒ½é€šéŽèƒƒé…¸è†½é¹½è€ƒé©—ï¼Œåœ¨è…¸é“ä¸­ç”Ÿå­˜ç¹æ®–ï¼Œç¶­è­·è…¸é“çš„å¥åº·ã€‚', 'https://carrefoureccdn.azureedge.net/content/images/thumbs/0005450_300light_800.jpeg'),
      ('æ¯”è²å¤šåŽŸå‘³', 28, 'in_stock', 999, NULL, 7, 'å …æŒ48å°æ™‚é»ƒé‡‘ç™¼é…µï¼Œé†žé‡€æœ€ç¾Žéº—çš„é¢¨å‘³ï¼Œéš¨æ™‚è£œå……èº«é«”å¤©ç„¶ç›ŠèŒã€‚', 'http://www.bifido.com.tw/DB/FileUpLoad/340%20fiber.jpg'),
      ('æ¯”è²å¤šç¶ èŒ¶å¤šé…š', 30, 'in_stock', 999, NULL, 7, 'å …æŒ48å°æ™‚é»ƒé‡‘ç™¼é…µï¼Œé†žé‡€æœ€ç¾Žéº—çš„é¢¨å‘³ï¼Œéš¨æ™‚è£œå……èº«é«”å¤©ç„¶ç›ŠèŒã€‚', 'http://www.bifido.com.tw/DB/FileUpLoad/340%20green%20tea.jpg');

-- æ’å…¥ç‡’é…’;
INSERT INTO PRODUCT (Name, Price, State, Stock, DID, CategoryID, Info, Img)
VALUE('åˆé£²åˆæ¨‚ç‡’é…’', 160, 'in_stock', 999, NULL, 13, 'ä¹¾æžœéŸ“åœ‹æœ€åˆ100%ç”¨ç¤¦ç‰©è³ªé‡€è£½çš„ç‡’é…’', 'https://cdn.ztore.com/images/ztore/production/product/640px/1003084_1.jpg?1475573773'),
      ('åˆé£²åˆæ¨‚æŸšå­ç‡’é…’', 180, 'in_stock', 999, NULL, 13, 'æ·¡æ·¡çš„é…’é¦™ä¸­æ³›è‘—æ¸…é¦™çš„æŸšå­å‘³ï¼Œå£æ„Ÿè¼ƒæ™®é€šç‡’é…’æ›´åŠ æŸ”å’Œã€æ¸…ç”œçˆ½å£', 'https://img.alicdn.com/tfscom/i2/725677994/TB1WMJFby0TMKJjSZFNXXa_1FXa_!!2-item_pic.png_196x196Q50s50.jpg'),
      ('åˆé£²åˆæ¨‚æ°´èœœæ¡ƒç‡’é…’', 180, 'in_stock', 999, NULL, 13, 'æ·¡æ·¡çš„é…’é¦™ä¸­æ³›è‘—æ¿ƒæ¿ƒçš„æ°´èœœæ¡ƒå‘³ï¼Œèˆ‡æŸšå­å‘³ç‡’é…’ä¸åŒçš„æ˜¯ï¼Œæ­¤æ¬¡æ–°ä¸Šå¸‚çš„æ°´èœœæ¡ƒé…’ç”œå‘³æ›´åŠ æ¿ƒéƒã€‚ ', 'http://www.cn-kr.net/upload/newsimg/20150725/1437806225310689.jpg'),
      ('åˆé£²åˆæ¨‚è˜‹æžœç‡’é…’', 180, 'in_stock', 999, NULL, 13, 'æ·¡æ·¡çš„é…’é¦™ä¸­æ³›è‘—æ¸…é¦™çš„è˜‹æžœå‘³ï¼Œå£æ„Ÿè¼ƒæ™®é€šç‡’é…’æ›´åŠ æŸ”å’Œã€æ¸…ç”œçˆ½å£', 'https://www.dj9.com.tw/images/201608/goods_img/1256_P_1471836842299.jpg');

-- æ’å…¥ç¢³é…¸é£²æ–™;
INSERT INTO PRODUCT (Name, Price, State, Stock, DID, CategoryID, Info, Img)
VALUE('é»‘æ¾æ²™å£«', 25, 'in_stock', 999, NULL, 6, 'æ­¡æ¨‚æ™‚å…‰ä¸€ç›´å€’~é»‘æ¾æ±½æ°´', 'https://s.yimg.com/wb/images/7AFE3D71067C3B77792A97650BB6B20066F91BAC'),
      ('é»‘æ¾æ²™å£«-åŠ é¹½', 25, 'in_stock', 999, NULL, 6, 'äº«å—æ¸…æ¶¼å¿«æ„!', 'http://static.blog.sina.com.tw/myimages/108/126316/images/20120511181348325.jpg'),
      ('å¯å£å¯æ¨‚', 29, 'in_stock', 999, NULL, 6, 'æ“‹ä¸ä½çš„æš¢å¿«å£æ„Ÿ', 'http://img.udn.com/image/product/S0001126/APPROVED/U001359050/20130415174850924_300.jpg?t=20150603115750'),
      ('ç™¾äº‹å¯æ¨‚', 32, 'in_stock', 999, NULL, 6, 'å¼•é ˜æ™‚å°šæ½®æµï¼Œå‰µé€ å¿«æ¨‚ï¼Œè¦ä½ æŠŠå¿«æ¨‚å¸¶å›žå®¶', 'http://www.vedan.com.tw/thumbnail.aspx?h=200&f=/upload/Product/P000174/PEPSI-500_445x440.jpg'),
      ('é›ªç¢§æ±½æ°´', 29, 'in_stock', 999, NULL, 6, 'æ“‹ä¸ä½çš„æš¢å¿«å£æ„Ÿçµ¦æ‚¨å‰æ‰€æœªæœ‰çš„æ»¿è¶³', 'https://img1.e-payless.com.tw/content/images/thumbs/0462543_1200600ml24.jpeg');

-- æ’å…¥ éº¥é¦™;
INSERT INTO PRODUCT (Name, Price, State, Stock, DID, CategoryID, Info, Img)
VALUE('éº¥é¦™ç´…èŒ¶', 10, 'in_stock', 999, NULL, 2, 'é†‡åŽšç´…èŒ¶çµåˆç„™ç‚’å¤§éº¥ï¼Œæˆå°±ç¨ç‰¹å¤§éº¥é¢¨å‘³ã€æš¢éŠ·å…¨å°çš„ç´…èŒ¶é£²æ–™ã€‚', 'http://www.pecos.com.tw/tmp/image/20161201/20161201104624_26964.jpg'),
('éº¥é¦™å¥¶èŒ¶', 10, 'in_stock', 999, 3, 5, 'é†‡åŽšç´…èŒ¶çµåˆå¤§éº¥é¦™æ°£èˆ‡ä¹³ç²‰èª¿é…ï¼Œå‘ˆç¾å…·ç¨ç‰¹å¤§éº¥åŠç„¦ç³–é¢¨å‘³çš„å¥¶èŒ¶ã€‚', 'http://www.pecos.com.tw/tmp/image/20161201/20161201110407_73845.jpg'),
('éº¥é¦™ç¶ èŒ¶', 10, 'in_stock', 999, NULL, 2, 'é¸ç”¨ç”œé¦™ç‰¹è‰²çš„ç„™é¦™ç¶ èŒ¶è‘‰ï¼Œèƒå–é†‡åŽšèŒ¶æ±ï¼Œæ­é…ç„™ç‚’å¤§éº¥ï¼Œå‘ˆç¾ç¨ç‰¹å¤§éº¥é¢¨å‘³çš„ç¶ èŒ¶ã€‚', 'http://www.pecos.com.tw/tmp/image/20161201/20161201110522_79817.jpg'),
('éº¥é¦™é˜¿è–©å§†ç´…èŒ¶', 25, 'in_stock', 999, NULL, 2, 'é¸ç”¨èŠ±ç”œé¦™èˆ‡æ¸¾åŽšé£½æ»¿ç‰¹æ€§çš„é˜¿è–©å§†ç´…èŒ¶è‘‰ï¼Œçµåˆç„™ç‚’å¤§éº¥ï¼Œå‘ˆç¾èŒ¶é¦™ç”œé¦™äº¤ç¹”çš„é˜¿è–©å§†ç´…èŒ¶ã€‚', 'http://www.pecos.com.tw/tmp/image/20150910/20150910082855_85509.jpg'),
('éº¥é¦™é˜¿è–©å§†å¥¶èŒ¶', 25, 'in_stock', 999, 3, 5, 'é¸ç”¨éº¥èŠ½ç”œé¦™èˆ‡æ¸¾åŽšé£½æ»¿ç‰¹æ€§çš„é˜¿è–©å§†ç´…èŒ¶è‘‰ï¼Œçµåˆç„™ç‚’å¤§éº¥ã€ä¹³ç²‰èˆ‡ç…‰ä¹³èª¿é…ï¼Œå‘ˆç¾æ¿ƒéƒç”œé¦™çš„é˜¿è–©å§†å¥¶èŒ¶ã€‚', 'http://www.pecos.com.tw/tmp/image/20150909/20150909113155_53978.jpg'),
('éº¥é¦™éŒ«è˜­å¥¶èŒ¶', 25, 'in_stock', 999, 3, 5, 'é¸ç”¨èŠ¬èŠ³é¦™æ°£èˆ‡å£æ„Ÿæ¸¾åŽšçš„éŒ«è˜­ç´…èŒ¶è‘‰ï¼Œçµåˆç„™ç‚’å¤§éº¥èˆ‡ä¹³ç²‰ï¼Œå‘ˆç¾é¦™æ»‘é†‡é †çš„éŒ«è˜­å¥¶èŒ¶ã€‚', 'http://www.pecos.com.tw/tmp/image/20150909/20150909113347_48359.jpg');

-- æ’å…¥ æ°´;
INSERT INTO PRODUCT (Name, Price, State, Stock, DID, CategoryID, Info, Img)
VALUE('UNI water', 20, 'in_stock', 999, NULL, 15, 'UNI waterç‚ºåœ‹å…§é¦–å‰µã€Œç°¡ç´„æ™‚å°šã€åŒ…è£æ°´ï¼å¦‚æ°´æ™¶èˆ¬å®Œç¾Žå…­è§’é€æ˜Žç“¶èº«ï¼Œè¥¯æ‰˜å‡ºæ°´çš„ç´”æ·¨ç„¡æš‡ã€‚ ç°¡ç´„è¨­è¨ˆèžåˆå½©è™¹ä¸ƒè‰²ï¼Œç‚ºæ‚¨çš„ç”Ÿæ´»å¸¶ä¾†çµ¢çˆ›ç¹½ç´›çš„å¹¸ç¦ã€‚ä¸è«–æ˜¯å€‹äººé£²ç”¨æˆ–æ˜¯æœ‹å‹èšæœƒï¼Œçµ•å°æ˜¯æ‚¨å“å‘³ç”Ÿæ´»ä¸å¯æˆ–ç¼ºçš„æœ€ä½³é¸æ“‡ï¼', 'http://www.pecos.com.tw/tmp/image/20170907/20170907141846_14406.jpg'),
('çµ±ä¸€PH9.0é¹¼æ€§é›¢å­æ°´', 25, 'in_stock', 999, NULL, 15, 'ã€é«”è³ªåŠ é¹¼é¡§ï¼Œå¥åº·å¥½é¹¼å–®ã€‘ç¾ä»£äººæ‡‰é…¬é »ç¹ã€å¤–é£Ÿæ”å–çŽ‡éŽé«˜ï¼Œå¸¸å¸¸å®¹æ˜“é€ æˆèº«é«”éŽå¤šçš„è² æ“”ï¼›åƒå®Œç¾Žé£Ÿåˆ¥å¿˜äº†é¡§é«”è³ªï¼Œå¤©å¤©å–çµ±ä¸€ PH9.0é¹¼æ€§é›¢å­æ°´ï¼Œè£œå……äººé«”æ‰€éœ€çš„æ°´ä»½ã€‚', 'http://www.pecos.com.tw/tmp/image/20140402/20140402195619_58489.jpg');

-- æ’å…¥ å¥åº·èŒ¶;
INSERT INTO PRODUCT (Name, Price, State, Stock, DID, CategoryID, Info, Img)
VALUE('çˆ½å¥ç¾ŽèŒ¶', 25, 'in_stock', 999, NULL, 4, 'ç”Ÿæ´»çš„å£“åŠ›èˆ‡ç‘£äº‹ç¸½è®“è‡ªå·±æ„Ÿåˆ°ç…©èºï¼Œå¤šå¸Œæœ›èƒ½æœ‰ä¸€å€‹å¤©ç„¶çš„ç´”æ·¨èŒ¶é£²ï¼Œè®“èº«å¿ƒéˆé‡‹æ”¾ï¼Œå¾—åˆ°ç‰‡åˆ»çš„èˆ’ç·©ï¼Œä»¥å†æ¬¡æ“æœ‰æ¸…çˆ½æ„‰å¿«çš„å¿ƒæƒ…ï¼Œæœè‘—å¥åº·çš„ç”Ÿæ´»ç©æ¥µé‚é€²ã€‚é¢¨è¡Œæ—¥æœ¬å¤šå¹´çš„ã€Žçˆ½å¥ç¾ŽèŒ¶ã€æ˜¯å¤§è‡ªç„¶æ©è³œçš„å®Œç¾Žçµ„åˆï¼Œç”±è–ä»ã€çŽ„ç±³ã€ç¶ èŒ¶ã€æœˆè¦‹è‰ç­‰15ç¨®100%æ—¥æœ¬é€²å£ã€æœ‰ç›Šå¥åº·çš„å¤©ç„¶ç´ æèª¿å’Œè€Œæˆï¼Œæ•£ç™¼ç¨ç‰¹é¦™æ°£èˆ‡ç´”æ·¨æ¸…æ–°çš„å£æ„Ÿã€‚å–ä¸€å£ï¼Œå°±èƒ½æ„Ÿå—åˆ°å¤§è‡ªç„¶æ‰€å¸¶ä¾†æ¸…çˆ½ã€å¥åº·ã€ç¾Žéº—çš„å…¨æ–°æ„‰å¿«æ„Ÿå—ã€‚å–ä¸€å£çˆ½å¥ç¾ŽèŒ¶ï¼Œè®“èº«é«”æ²‰æµ¸åœ¨15ç¨®å¤©ç„¶æˆåˆ†èª¿å’Œçš„å¤§è‡ªç„¶æ©è³œä¸­ï¼Œç”±å…§è€Œå¤–ï¼Œç‚ºä½ å¸¶ä¾†æ¸…çˆ½ã€å¥åº·ã€ç¾Žéº—çš„å…¨æ–°æ„‰å¿«æ„Ÿå—ã€‚', 'https://mart.ibon.com.tw/mdz_file/item/21/20/01/1005/10050009143G_char_5_170217093152.jpg');

-- æ’å…¥ æžœæ±;
INSERT INTO PRODUCT (Name, Price, State, Stock, DID, CategoryID, Info, Img)
VALUE('ç¾Žç²’æžœæŸ³æ©™æ±', 23, 'in_stock', 999, NULL, 8, 'åŠ å…¥äº†é™½å…‰æžœè‚‰ï¼Œå«æœ‰æžœè‚‰çº–ç¶­ã€ç‡Ÿé¤Šæ›´å®Œæ•´ï¼Œè®“æ‚¨åœ¨é£²ç”¨æ™‚å¯ä»¥å–åˆ°æ»¿å£çš„æžœè‚‰ï¼Œä¸¦äº«æœ‰å’€åš¼æžœè‚‰çš„é©šå¥‡å£æ„Ÿï¼Œå¸¶çµ¦æ‚¨å…¨æ–°é«”é©—ã€æ„›ä¸é‡‹æ‰‹ã€‚', 'http://www.savesafe.com.tw/ProdImg/1001/659/00/1001659_00_main.jpg?t=20130628101622'),
      ('ç¾Žç²’æžœç™½è‘¡è„æ±', 23, 'in_stock', 999, NULL, 8, 'æ·»åŠ å…¥æ¸…æ–°è˜†è–ˆç²’ã€ç‡Ÿé¤Šæ›´å®Œæ•´ï¼Œè®“æ‚¨åœ¨é£²ç”¨æ™‚å¯ä»¥å–åˆ°æ»¿å£çš„è˜†è–ˆç²’ï¼Œä¸¦äº«æœ‰å’€åš¼è˜†è–ˆç²’çš„é©šå¥‡å£æ„Ÿï¼Œå¸¶çµ¦æ‚¨å…¨æ–°é«”é©—ã€æ„›ä¸é‡‹æ‰‹ã€‚', 'https://mart.ibon.com.tw/mdz_file/item/21/20/01/1012/10120011634G_char_65_160929104900.jpg');

-- æ’å…¥ ä¹³é£²å“;
INSERT INTO PRODUCT (Name, Price, State, Stock, DID, CategoryID, Info, Img)
VALUE('å…‰æ³‰æ¯è£éº¥èŠ½èª¿å‘³ä¹³çŽ‰ç±³ç‰‡', 35, 'in_stock', 999, NULL, 9, 'å°ç”Ÿæ´»æ­¥èª¿åŒ†å¿™çš„å­¸ç”Ÿæ—è€Œè¨€ï¼Œæ˜¯æœ€ä¾¿åˆ©ã€ç‡Ÿé¤Šçš„æ—©é¤é£²å“,ç²¾é¸é€²å£éº¥èŠ½ç²‰æº¶å…¥é¦™ç´”ç‰›ä¹³ä¸­,å–ä¸‹æ»¿å£è‡ªç„¶é¦™ç”œçš„éº¥èŠ½é¢¨å‘³ï¼Œ ä¹Ÿå–ä¸‹äº†å¥½å¥åº·', 'https://www.savesafe.com.tw/ProdImg/1007/857/00/1007857_00_main.jpg');


-- ('x', 25, 'in_stock', 999, NULL, 5, 'x', 'x'),   ;
INSERT INTO CATEGORY(Name) Value('ç¶ èŒ¶'), ('ç´…èŒ¶'), ('çƒé¾èŒ¶'), ('å¥åº·èŒ¶'), ('å¥¶èŒ¶'),
('ç¢³é…¸é£²æ–™'), ('ä¹³é…¸é£²æ–™') , ('æžœæ±'), ('ä¹³é£²å“'), ('å’–å•¡'), ('é‹å‹•é£²æ–™'),
('å•¤é…’'), ('ç‡’é…’'), ('æ´‹é…’'), ('æ°´');

INSERT INTO MEMBER(ID, Password, Name, Email, Phone, Birth, Gender, Position, Address)
            VALUE('admin', '21232f297a57a5a743894a0e4a801fc3', 'ç®¡ç†å“¡å¤§å¤§', 'admin@gmail.com', '0912345678', '1911-10-10', 'M', 'A','å°åŒ—å¸‚ä¸­æ­£å€é‡æ…¶å—è·¯ä¸€æ®µ122è™Ÿ'),
            ('staff', '1253208465b1efa876f982d8a9e73eef', 'å»¢ç‰©å“¡å·¥', 'staff@gmail.com', '0912345678', '1911-10-10', 'M', 'S', 'å°åŒ—å¸‚ä¸­æ­£å€å¿ å­æ±è·¯ä¸€æ®µ1è™Ÿ'),
            ('customer', '91ec1f9324753048c0096d036a694f86', 'å¥§å®¢', 'customer@gmail.com', '0912345678', '1911-10-10', 'M', 'C', 'å°åŒ—å¸‚ä¸­æ­£å€ä¸­å±±å—è·¯1è™Ÿ'),
            ('a92304a92304', '0104b52e470130135013a7a87a42b609', 'é»ƒçœå–¬', 'a92304a92304@gmail.com', '0983333804', '1997-08-23', 'M', 'C', 'å°åŒ—å¸‚å¤§åŒå€å»¶å¹³åŒ—è·¯ä¸‰æ®µ14è™Ÿ'),
            ('kr80737', '5de7bb3c232741f461f3ccd13c1ba7a0', 'å³å“é ¤', 'kr80737@gmail.com', '0975276741', '1997-08-19', 'F', 'C' ,'å°åŒ—è»Šç«™Yå€åœ°ä¸‹è¡—'),
            ('zhaozhenting', '0104b52e470130135013a7a87a42b609', 'è¶™æŒ¯å»·', 'zhaozhenting@gmail.com', '0912345678', '1911-10-10', 'M', 'C', 'å°åŒ—å¸‚'),
            ('mdyu1000', '0104b52e470130135013a7a87a42b609', 'ä½™éŽ§ä¼', 'mdyu1000@gmail.com', '0912345678', '1911-10-10', 'M', 'C', 'å°åŒ—å¸‚');

INSERT INTO MEMBER(ID, Password, Name, Email, Phone, Birth, Gender, Position, Address)
            VALUE('kimjongun', '21232f297a57a5a743894a0e4a801fc3', 'é‡‘æ”¿æ©', 'kimjongun@gmail.com', '0912345678', '1911-10-10', 'M', 'C','åŒ—æœé®®'),
            ('caiyingwen', '1253208465b1efa876f982d8a9e73eef', 'è”¡å¤®ä¹‚', 'caiyingwen@gmail.com', '0912345678', '1911-10-10', 'F', 'C', 'å°åŒ—å¸‚ç¸½çµ±åºœ');

INSERT INTO COMMENT (CID, PID, Star, Comment)
  VALUES ('admin', '1', '4', 'I am Admin!'),
  ('staff', '1', '4', 'I am staff!'),
  ('customer', '1', '3','I am customer!'),
  ('customer', '1', '5', 'æ¨“ä¸‹é‡‘åŸŽæ­¦'),
  ('customer', '1', '5', 'å¥½èŒ¶å¥½èŒ¶ðŸµ'),
  ('a92304a92304', '1', '1', 'æ¨“ä¸Šè‡ªè‚¥');

INSERT INTO COMMENT (CID, PID, Star, Comment) VALUES ('kr80737', '1', '1', 'èžèµ·ä¾†å¾ˆå¥¶èŒ¶ï¼Œå–èµ·ä¾†æ¿ƒæ¿ƒåŒ–å·¥å‘³ã€‚ã€‚ã€‚å‡ºä¾†é¢å°å•¦ï¼');
INSERT INTO COMMENT (CID, PID, Star, Comment) VALUES ('staff', '1', '5', 'è«‹æ¨“ä¸Šçš„å®¢äººæ¯æ€’ï¼Œæˆ‘å€‘å°‡ä¸æœƒé€€éŒ¢çµ¦ä½ ');
INSERT INTO COMMENT (CID, PID, Star, Comment) VALUES ('a92304a92304', '5', '5', 'å¤§æŽ¨ ä¸éŒ¯å–ðŸ‘ï¼æœ‰é»žé…¸é…¸ç”œç”œçš„åƒæ˜¯åˆæˆ€çš„æ»‹å‘³ ä¸çŸ¥é“æ˜¯ä¸æ˜¯è‡­é…¸');
INSERT INTO COMMENT (CID, PID, Star, Comment) VALUES ('mdyu1000', '2', '4', 'æœ€è¿‘ä¹Ÿçœ‹åˆ°é€™å®¶ï¼Œæ˜¯ä¸‹æ¬¡è¦è³¼è²·çš„å£è¢‹æ¸…å–® >///<');
INSERT INTO COMMENT (CID, PID, Star, Comment) VALUES ('mdyu1000', '13', '4', 'è¦ºå¾—å¯ä»¥å˜—è©¦è‡ªå·±åš, è²·èŒ¶åŒ…åŠ ç‰›å¥¶');
INSERT INTO COMMENT (CID, PID, Star, Comment) VALUES ('kimjongun', '13', '1', 'é›–ç„¶æ¿ƒé†‡é¦™ä½†æ˜¯æ‰“å€’æ—¥æœ¬é¬¼å­ï¼ï¼ðŸ‡°ðŸ‡µðŸ‡°ðŸ‡µðŸ‡°ðŸ‡µ');

INSERT INTO ORDER_LIST(ID,DATE,FinalCost,State,CID,DID,SID) VALUES('f7cbe6b6','2017-12-25 17:28:04',22,'completed','customer',3,'staff');
INSERT INTO ORDER_LIST(ID,DATE,FinalCost,State,CID,DID,SID) VALUES('f7cbe6b7','2017-12-25 17:28:04',22,'submitted','customer',3,'staff');
INSERT INTO ORDER_LIST(ID,DATE,FinalCost,State,CID,DID,SID) VALUES('a0000001','2017-12-25 17:28:04',22,'processed','customer',3,'staff');
INSERT INTO ORDER_LIST(ID,DATE,FinalCost,State,CID,DID,SID) VALUES('a0000002','2017-12-25 17:28:04',22,'delivered','customer',3,'staff');

INSERT INTO DISCOUNT (Type,PeriodFrom,PeriodTo,Requirement,Rate,Info,EventType) VALUES('shipping','2017-11-28','2017-11-29',500,0.1,'è€é—†å‡ºå·®ä¹‹å“¡å·¥äº‚ä¾†','');
INSERT INTO DISCOUNT (Type,PeriodFrom,PeriodTo,Requirement,Rate,Info,EventType) VALUES('seasoning','2017-11-28','2017-11-29',500,0.1,'èµ·ç§‹å­£å¤§æŠ˜æ‰£','');
INSERT INTO DISCOUNT (Type,PeriodFrom,PeriodTo,Requirement,Rate,Info,EventType) VALUES('Event','2017-11-28','2018-2-10',500,0.9,'ä¸å°å¿ƒé€²å¤ªå¤šè²¨GG','BOGO');
INSERT INTO DISCOUNT (Type,PeriodFrom,PeriodTo,Requirement,Rate,Info,EventType) VALUES('Event','2017-11-28','2018-2-10',500,0.87,'é£²æ¶¼å¡å¥½ç¯€','discount');
INSERT INTO DISCOUNT (Type,PeriodFrom,PeriodTo,Requirement,Rate,Info,EventType) VALUES('seasoning','2017-12-20','2017-12-27',123,0.90,'Xmasè€¶èª•å„ªæƒ ','');
INSERT INTO DISCOUNT (Type,PeriodFrom,PeriodTo,Requirement,Rate,Info,EventType) VALUES('seasoning','2017-12-2','2018-1-10', 112,0.88,'1/12é€±å¹´æ…¶','');


-- FOREIGN KEY;
ALTER TABLE PRODUCT ADD FOREIGN KEY (DID) REFERENCES DISCOUNT (ID);
ALTER TABLE PRODUCT ADD FOREIGN KEY (CategoryID) REFERENCES CATEGORY(ID);
ALTER TABLE ORDER_LIST ADD FOREIGN KEY (CID) REFERENCES MEMBER(ID);
ALTER TABLE ORDER_LIST ADD FOREIGN KEY (DID) REFERENCES DISCOUNT(ID);
ALTER TABLE ORDER_LIST_RECORD ADD FOREIGN KEY (OID) REFERENCES ORDER_LIST(ID);
ALTER TABLE CART_RECORD ADD FOREIGN KEY (ID) REFERENCES CART(ID);
ALTER TABLE CART_RECORD ADD FOREIGN KEY (PID) REFERENCES PRODUCT(ID);
ALTER TABLE COMMENT ADD FOREIGN KEY (CID) REFERENCES MEMBER(ID);


-- VIEW è¦–ç•Œ;

DROP VIEW IF EXISTS PRODUCT_VIEW;

-- ç‚ºäº†ç°¡åŒ–åœ¨phpä¸­çš„æŸ¥è©¢æŒ‡ä»¤ï¼Œå»ºæ­¤VIEWæŠŠ PRODUCT, CATEGORY, DISCOUNT åˆä½µæˆä¸€è¡¨ã€‚;
-- PPrice: åŽŸå§‹åƒ¹æ ¼ / PPriceDiscount: æŠ˜æ‰£å¾Œåƒ¹æ ¼ï¼Œå¦‚æžœæ²’æœ‰æŠ˜æ‰£æˆ–è€…åœ¨æœŸé™å¤–å‰‡ç‚ºNULL;
-- PPriceF: åŠ å…¥é€—è™Ÿçš„åŽŸå§‹åƒ¹æ ¼ / PPriceDiscount: åŠ å…¥é€—è™Ÿçš„æŠ˜æ‰£å¾Œåƒ¹æ ¼ï¼ŒåŒä¸Šã€‚;

CREATE VIEW PRODUCT_VIEW
AS SELECT P.ID PID ,P.Name PName, P.Info PInfo, P.Img PImg, P.Stock PStock, P.State PState,
          C.Name CName, C.ID CID, D.ID DID, D.Rate DRate, D.EventType DEvent,
          (CASE WHEN ((D.PeriodTo >= NOW() AND D.PeriodFrom <= NOW()) AND D.EventType='BOGO')
                THEN 'BOGO'
                WHEN ((D.PeriodTo >= NOW() AND D.PeriodFrom <= NOW()) AND D.EventType='Discount')
                THEN 'Discount'
                ELSE NULL END) DEventType,
          P.Price PPrice,
          (CASE WHEN ((D.PeriodTo >= NOW() AND D.PeriodFrom <= NOW()) AND D.EventType='Discount')
                THEN (P.Price * D.Rate)
                ELSE NULL END) PPriceDiscount,
          FORMAT(P.Price,0) PPriceF,
          FORMAT((CASE WHEN ((D.PeriodTo >= NOW() AND D.PeriodFrom <= NOW()) AND D.EventType='Discount')
                THEN (P.Price * D.Rate)
                ELSE NULL END),0) PPriceDiscountF
           FROM PRODUCT P
           INNER JOIN CATEGORY C ON P.CategoryID = C.ID
           LEFT JOIN DISCOUNT D ON P.DID = D.ID
           WHERE P.CategoryID = C.ID
           ORDER BY PID
